strain,lcl_NC_009641.1_prot_WP_000667269.1_90,lcl_NC_009641.1_prot_WP_000754443.1_781,lcl_NC_009641.1_prot_WP_000972781.1_1403,lcl_NC_017349.1_prot_WP_000769690.1_948
Saureus--GCA_005931015.1_Saureus_GD487,2,1,1,1
Saureus--GCA_009739695.1_Saureus_P2D1C1,2,1,1,1
Saureus--GCA_003111725.1_Saureus_SVH7513,2,1,1,1
Saureus--GCA_003193745.1_Saureus_AR_0470,2,1,1,1
Saureus--GCA_000485885.1_Saureus_Z172,2,1,1,1
Saureus--GCF_000160335.2_ASM16033v2,2,1,1,1
Saureus--GCA_001018845.2_Saureus_NRS153,2,1,1,1
Saureus--GCA_008330045.1_Saureus_VGC1,2,1,1,1
Sxylosus--GCA_003578925.1_SNUC_102,1,1,1,
Saureus--GCA_002442975.1_Saureus_HZW450,2,1,1,1
Saureus--GCA_009740205.1_Saureus_P1D5C2,2,1,1,1
Saureus--GCA_004614295.1_Saureus_C8879,2,1,1,1
Scarnosus--GCA_900458365.1_NCTC13826,2,1,1,
Saureus--GCA_002786465.1_Saureus_EDCC5458,2,1,1,1
Saureus--GCA_000967385.1_Saureus_ST228,2,1,1,1
Saureus--GCA_007185035.1_Saureus_JRA307,2,1,1,1
Saureus--GCA_000626615.3_Saureus_FDAARGOS_5,2,1,1,1
Saureus--GCA_003354985.1_Saureus_628,2,1,1,1
Saureus--GCA_004118995.1_Saureus_LAC,2,1,1,1
Saureus--GCA_001278745.1_Saureus_HOU1444-VR,2,1,1,1
Saureus--GCA_004421085.1_Saureus_04-002,2,1,1,1
Saureus--GCA_900323905.1_Saureus_24117-WT,2,1,1,1
Saureus--GCA_003193765.1_Saureus_AR_0471,2,1,1,1
Saureus--GCA_004153365.1_Saureus_VB31683,2,1,1,1
Saureus--GCA_008619795.1_Saureus_KUH140331,2,1,1,1
Saureus--GCA_003354765.1_Saureus_191,2,1,1,1
Sxylosus--GCA_001748045.1_CHJ_154,1,1,1,
Sxylosus--GCA_003041475.1_SNUC_3812,1,1,1,
Saureus--GCA_002786535.1_Saureus_EDCC5464,2,1,1,1
Saureus--GCA_000382965.1_Saureus_ST228,2,1,1,1
Saureus--GCA_003595425.1_Saureus_USA300-SUR4,2,1,1,1
Saureus--GCA_005705815.1_Saureus_Lr6,2,1,1,1
Saureus--GCA_900635255.1_Saureus_NCTC13552,2,1,1,1
Saureus--GCA_900324045.1_Saureus_24117-REV,2,1,1,1
Sxylosus--GCA_003043095.1_SNUC_4611,1,1,1,
Saureus--GCA_000737615.1_Saureus_SA268,2,1,1,1
Saureus--GCA_003354725.1_Saureus_143,2,1,1,1
Sxylosus--GCA_000953575.1_C2a,1,1,1,
Saureus--GCA_003073715.1_Saureus_AR461,2,1,1,1
Saureus--GCA_003354545.1_Saureus_27,2,1,1,1
Saureus--GCA_005707015.1_Saureus_R50,2,1,1,1
Saureus--GCA_001515685.1_Saureus_Be62,2,1,1,1
Sxylosus--GCA_003041515.1_SNUC_2570,1,1,1,
Saureus--GCA_000828035.1_Saureus_DAR4145,2,1,1,1
Saureus--GCA_002089075.2_Saureus_GD705,2,1,1,1
Sepidermidis--GCA_902509495.1_Strain_Unknown4,1,1,1,
Saureus--GCA_004772215.1_Saureus_O268,2,1,1,1
Saureus--GCA_001183725.2_Saureus_USA300_2014.C02,2,1,1,1
Saureus--GCA_004026185.1_Saureus_PCFA-221,2,1,1,1
Saureus--GCA_001594205.1_Saureus_MCRF184,2,1,1,1
Saureus--GCA_001640925.1_Saureus_NCCP14562,2,1,1,1
Saureus--GCA_000756205.1_Saureus_ATCC25923,2,1,1,1
Saureus--GCA_001956755.1_Saureus_SJTUF_J27,2,1,1,1
Saureus--GCA_900324285.1_Saureus_4_LA_208,2,1,1,1
Saureus--GCA_003342775.1_Saureus_F17SA003,2,1,1,1
Saureus--GCA_002803885.1_Saureus_55-99-44,2,1,1,1
Saureus--GCA_900607265.1_Saureus_BPH2003,2,1,1,1
Sxylosus--GCA_002836875.1_INIFAP_004-15,1,1,1,
Scarnosus--GCA_007992615.1_NBRC_109623,2,1,1,
Saureus--GCA_002310395.1_Saureus_Newman_D2C,2,1,1,1
Saureus--GCA_000967365.1_Saureus_ST228,2,1,1,1
Sxylosus--GCA_002901985.1_NCTC_11043,1,1,1,
Saureus--GCA_001045795.2_Saureus_CA12,2,1,1,1
Saureus--GCA_009684655.1_Saureus_ZY05,2,1,1,1
Sxylosus--GCA_003578725.1_SNUC_5355,1,1,1,
Sxylosus--GCA_000706685.1_HKUOPL8,1,1,1,
Sepidermidis--GCA_902509535.1_Strain_Unknown3,1,1,1,
Saureus--GCA_900474755.1_Saureus_NCTC10344,2,1,1,1
Saureus--GCA_004193875.1_Saureus_C3948,2,1,1,1
Sxylosus--GCA_003042795.1_SNUC_1397,1,1,1,
Saureus--GCA_001611345.1_Saureus_ST20130941,2,1,1,1
Saureus--GCA_000204665.1_Saureus_T0131,2,1,1,1
Saureus--GCA_003010875.1_Saureus_FORC59,2,1,1,1
Saureus--GCA_005705635.1_Saureus_R46,2,1,1,1
Saureus--GCA_003354945.1_Saureus_545,2,1,1,1
Sxylosus--GCA_900458755.1_NCTC11043,1,1,1,
Saureus--GCA_001018725.2_Saureus_FDAARGOS_10,2,1,1,1
Saureus--GCA_001549655.1_Saureus_TMUS2126,2,1,1,1
Saureus--GCA_002089055.1_Saureus_GD5,2,1,1,1
Sxylosus--GCA_003578785.1_SNUC_5003,1,1,1,
Saureus--GCA_000769575.1_Saureus_Gv69,2,1,1,1
Saureus--GCA_900323925.1_Saureus_1549-WT,2,1,1,1
Sepidermidis--GCA_900638695.1_NCTC13924,1,1,1,
Saureus--GCA_003609855.1_Saureus_JP080,2,1,1,1
Saureus--GCA_009739775.1_Saureus_P1D8C1,2,1,1,1
Saureus--GCA_005890035.1_Saureus_D592-HR,2,1,1,1
Sxylosus--GCA_900098615.1_47-83,1,1,1,
Saureus--GCA_001611425.1_Saureus_ST20130939,2,1,1,1
Saureus--GCA_002633785.1_Saureus_CFSAN007847,2,1,1,1
Saureus--GCA_002089095.2_Saureus_GD1677,2,1,1,1
Saureus--GCA_900155335.1_Saureus_NZ15MR0322,2,1,1,1
Saureus--GCA_900092595.1_Saureus_Sa_Newman_UoM,2,1,1,1
Saureus--GCA_004368035.1_Saureus_2288,2,1,1,1
Saureus--GCA_000017125.1_Saureus_JH1,2,1,1,1
Saureus--GCA_003945405.1_Saureus_TUM9458,2,1,1,1
Sepidermidis--GCA_002085695.1_Strain_1457,1,1,1,
Saureus--GCA_009739715.1_Saureus_P2D15C1,2,1,1,1
Saureus--GCA_000470865.1_Saureus_SA40,2,1,1,1
Saureus--GCA_003073755.1_Saureus_AR464,2,1,1,1
Saureus--GCA_900324065.1_Saureus_24117-SCV,2,1,1,1
Saureus--GCA_003203635.1_Saureus_AR_0228,2,1,1,1
Saureus--GCA_002000665.1_Saureus_USA300-SUR14,2,1,1,1
Saureus--GCA_900474675.1_Saureus_NCTC3761,2,1,1,1
Saureus--GCA_900636335.1_Saureus_NCTC7988,2,1,1,1
Sepidermidis--GCA_000759555.1_SEI,1,,1,
Saureus--GCA_000470845.1_Saureus_SA957,2,1,1,1
Saureus--GCA_004136235.1_Saureus_M51,2,1,1,1
Saureus--GCA_900474565.1_Saureus_NCTC8726,2,1,1,1
Saureus--GCA_000009585.1_Saureus_typestrain_ST398,2,1,1,1
Saureus--GCA_900635905.1_Saureus_NCTC13616,2,1,1,1
Saureus--GCA_001045995.2_Saureus_HUV05,2,1,1,1
Saureus--GCA_003185005.1_Saureus_IT4-R,2,1,1,1
Scarnosus--GCA_001276205.1_strain336,1,1,1,
Saureus--GCA_000024585.1_Saureus_ED98,2,1,1,1
Sxylosus--GCA_003041265.1_SNUC_5345,1,1,1,
Saureus--GCA_002633765.1_Saureus_CFSAN007835,2,1,1,1
Saureus--GCA_009739885.1_Saureus_P1D12C1,2,1,1,1
Saureus--GCA_900324345.1_Saureus_17_LA_343,2,1,1,1
Saureus--GCA_001580515.1_Saureus_UTSWMRSA55,2,1,1,2
Saureus--GCA_003354565.1_Saureus_187,2,1,1,1
Saureus--GCA_000013465.1_Saureus_USA300_FPR3757,2,1,1,1
Saureus--GCA_000418345.1_Saureus_Bmb9393,2,1,1,1
Saureus--GCA_003203675.1_Saureus_AR_0220,2,1,1,1
Saureus--GCA_003354705.1_Saureus_61,2,1,1,1
Saureus--GCA_000025145.2_Saureus_04-02981,2,1,1,1
Sxylosus--GCA_003578815.1_SNUC_3358,1,1,1,
Saureus--GCA_002088995.1_Saureus_C2406,2,1,1,1
Saureus--GCA_000382985.1_Saureus_ST228,2,1,1,1
Saureus--GCA_000245495.1_Saureus_VC40,2,1,1,1
Sepidermidis--GCA_003325735.1_CSF41498,1,1,1,
Saureus--GCA_006088835.1_Saureus_aureus,2,1,1,1
Saureus--GCA_001515705.1_Saureus_Gv88,2,1,1,1
Saureus--GCA_002214665.1_Saureus_FORC_040,2,1,1,1
Saureus--GCA_007813675.1_Saureus_13,2,1,1,1
Saureus--GCA_003426145.1_Saureus_MOZ66,2,1,1,1
Saureus--GCA_004772055.1_Saureus_O331,2,1,1,1
Saureus--GCA_006364675.1_Saureus_FDAARGOS_773,2,1,1,1
Saureus--GCA_008619235.1_Saureus_KUH140013,2,1,1,1
Saureus--GCA_001018685.2_Saureus_TCH959,2,1,1,1
Saureus--GCA_007826355.1_Saureus_NP66,2,1,1,1
Saureus--GCA_003827735.1_Saureus_ATCCBAA-39,2,1,1,1
Saureus--GCA_003203655.1_Saureus_AR_0222,2,1,1,1
Saureus--GCA_009739865.1_Saureus_P1D14C1,2,1,1,1
Saureus--GCA_001887075.1_Saureus_LA-MRSAST398,2,1,1,1
Saureus--GCA_001018655.2_Saureus_FDAARGOS_6,2,1,1,1
Saureus--GCA_004153345.1_Saureus_VB9352,2,1,1,1
Saureus--GCA_000027045.1_Saureus_TW20,2,1,1,1
Saureus--GCA_900635245.1_Saureus_NCTC13142,2,1,1,1
Saureus--GCA_009739735.1_Saureus_P1D9C1,2,1,1,1
Saureus--GCA_900475055.1_Saureus_NCTC11940,2,1,1,1
Saureus--GCA_009731595.1_Saureus_Tokyo12480,2,1,1,1
Saureus--GCA_001298325.2_Saureus_BA01611,2,1,1,1
Sepidermidis--GCA_902509515.1_Strain_Unknown1,1,1,1,
Saureus--GCA_003354905.1_Saureus_78,2,1,1,1
Saureus--GCA_003944865.1_Saureus_80wphwpl,2,1,1,1
Saureus--GCA_004771975.1_Saureus_O408,2,1,1,1
Saureus--GCA_003193965.1_Saureus_AR_0225,2,1,1,1
Sepidermidis--GCA_006094375.1_ATCC_14990,1,1,1,
Saureus--GCA_900324245.1_Saureus_8_LA_272,2,1,1,1
Scarnosus--GCA_007992595.1_NBRC_109622,1,1,1,
Saureus--GCA_002097595.2_Saureus_M92,2,1,1,1
Saureus--GCA_001641025.1_Saureus_V521,2,1,1,1
Saureus--GCA_005889995.1_Saureus_J01,2,1,1,1
Saureus--GCA_001558795.2_Saureus_FDAARGOS_159,2,1,1,1
Sepidermidis--GCA_002215535.1_ATCC_12228,1,1,1,
Saureus--GCA_003264775.1_Saureus_CMRSA-3,2,1,1,1
Saureus--GCA_000009645.1_Saureus_N315,2,1,1,1
Saureus--GCA_004136255.1_Saureus_M48,1,1,1,1
Saureus--GCA_000013425.1_Saureus_NCTC8325,2,1,1,
Saureus--GCA_003030085.1_Saureus_CFSAN064037,2,1,1,1
Saureus--GCA_001018735.2_Saureus_NRS137,2,1,1,1
Saureus--GCA_003425835.1_Saureus_28,2,1,1,1
Saureus--GCA_001611385.1_Saureus_ST20130943,2,1,1,1
Saureus--GCA_004193895.1_Saureus_H489,2,1,1,1
Saureus--GCA_008619075.1_Saureus_KUN1163,2,1,1,1
Saureus--GCA_008370815.1_Saureus_16445,3,1,1,1
Saureus--GCA_003203615.1_Saureus_AR_0468,2,1,1,1
Scarnosus--GCA_002902605.1_DSM_11676,2,1,1,
Saureus--GCA_001018835.2_Saureus_NRS271,2,1,1,1
Saureus--GCA_002089035.2_Saureus_293G,2,1,1,1
Sxylosus--GCA_902362295.1_MGYG-HGUT-00006,1,1,1,
Saureus--GCA_900635095.1_Saureus_NCTC8317,2,1,1,1
Saureus--GCA_001515665.1_Saureus_Gv51,2,1,1,1
Saureus--GCA_001027105.1_Saureus_DSM20231,2,1,1,1
Saureus--GCA_005931055.1_Saureus_GD1696,2,1,1,1
Saureus--GCA_001019275.2_Saureus_NRS107,2,1,1,1
Saureus--GCA_002000705.1_Saureus_USA300-SUR16,2,1,1,1
Saureus--GCA_000463055.1_Saureus_CN1,2,1,1,1
Saureus--GCA_003431365.1_Saureus_CFBR-105,2,1,1,1
Saureus--GCA_003945425.1_Saureus_TUM9463,2,1,1,1
Sxylosus--GCA_003578835.1_SNUC_2618,1,2,1,
Saureus--GCA_900324235.1_Saureus_5_3949,2,1,1,1
Saureus--GCA_003952625.1_Saureus_PMB81-4,2,1,1,1
Saureus--GCA_900620245.1_Saureus_BPH2947,2,1,1,1
Saureus--GCA_000695875.1_Saureus_UA-S391_USA300,2,1,1,1
Saureus--GCA_003573855.1_Saureus_JMUB1273,2,1,1,1
Saureus--GCA_003595505.1_Saureus_USA300-SUR8,2,1,1,1
Saureus--GCA_000568455.1_Saureus_USA300-ISMMS1,2,1,1,1
Sxylosus--GCA_003578885.1_SNUC_416,1,1,1,
Saureus--GCA_900324335.1_Saureus_15_LA_305,2,1,1,1
Saureus--GCA_001717705.2_Saureus_1969.N,2,1,1,1
Saureus--GCA_003609895.1_Saureus_GN3,2,1,1,1
Saureus--GCA_900474715.1_Saureus_NCTC6136,2,1,1,1
Sxylosus--GCA_003041555.1_SNUC_27,1,1,1,
Saureus--GCA_003425545.1_Saureus_199,2,1,1,1
Sxylosus--GCA_902362245.1_MGYG-HGUT-00011,1,1,1,
Saureus--GCA_002952015.1_Saureus_K5,,1,1,1
Saureus--GCA_002025125.1_Saureus_08S00974,2,1,1,1
Saureus--GCA_003073395.1_Saureus_CIT,2,1,1,1
Saureus--GCA_001018775.2_Saureus_NRS149,2,1,1,1
Saureus--GCA_002000725.1_Saureus_USA300-SUR17,2,1,1,1
Saureus--GCA_003425885.1_Saureus_82,2,1,1,1
Saureus--GCA_009739755.1_Saureus_P1D8C2,2,1,1,1
Saureus--GCA_900324315.1_Saureus_12_LA_293,2,1,1,1
Sepidermidis--GCA_006742205.1_NBRC_100911,1,1,1,
Saureus--GCA_002000605.1_Saureus_USA300-SUR11,2,1,1,1
Saureus--GCA_006364775.1_Saureus_FDAARGOS_766,2,1,1,1
Sxylosus--GCA_002836825.1_INIFAP_009-16,1,1,1,
Saureus--GCA_900620215.1_Saureus_BPH2760,2,1,1,1
Saureus--GCA_005706035.1_Saureus_P10,2,1,1,1
Saureus--GCA_900620255.1_Saureus_BPH2986,2,1,1,1
Saureus--GCA_000967405.1_Saureus_ST228,2,1,1,1
Saureus--GCA_008244705.1_Saureus_NRS384,2,1,1,1
Saureus--GCA_900607255.1_Saureus_BPH2019,2,1,1,1
Saureus--GCA_003354965.1_Saureus_546,2,1,1,1
Saureus--GCA_000412775.1_Saureus_CA-347,2,1,1,1
Scarnosus--GCA_900458435.1_NCTC13825,1,1,1,
Saureus--GCA_004797195.1_Saureus_O82,2,1,1,1
Saureus--GCA_001021875.1_Saureus_M121,2,1,1,1
Saureus--GCA_003827915.1_Saureus_FDAARGOS_504,2,1,1,1
Saureus--GCA_002000745.1_Saureus_USA300-SUR18,2,1,1,1
Saureus--GCA_000010465.1_Saureus_Newman,1,,,1
Saureus--GCA_006094915.1_Saureus_ATCC12600,2,1,1,1
Saureus--GCA_003354645.1_Saureus_128,2,1,1,1
Saureus--GCA_000967325.1_Saureus_ST228,2,1,1,1
Saureus--GCA_005885975.1_Saureus_Col52-A5,2,1,1,1
Saureus--GCA_008244745.1_Saureus_NRS384-rpoB-H481N-SCV,2,1,1,1
Saureus--GCA_002202095.1_Saureus_Seattle1945,2,1,1,1
Saureus--GCA_002000585.1_Saureus_USA300-SUR10,2,1,1,1
Sepidermidis--GCA_002944995.1_FDAARGOS_153,1,1,1,
Saureus--GCA_900324415.1_Saureus_22_LA_562,2,1,1,1
Saureus--GCA_001656075.1_Saureus_08-02300,2,1,1,1
Saureus--GCA_900635315.1_Saureus_NCTC9555,2,1,1,1
Sepidermidis--GCA_009685135.1_IRL01,1,,1,
Saureus--GCA_000967345.1_Saureus_ST228,2,1,1,1
Saureus--GCA_009728755.1_Saureus_ST20130944,2,1,1,1
Saureus--GCA_900323965.1_Saureus_1549-SCV,2,1,1,1
Saureus--GCA_001548415.1_Saureus_MI,2,1,1,1
Saureus--GCA_001018975.2_Saureus_NRS143,2,1,1,1
Sepidermidis--GCA_003856395.1_CDC120,1,1,1,
Saureus--GCA_002633845.1_Saureus_CFSAN007883,2,1,1,1
Sxylosus--GCA_005864455.1_FAM_20833,1,1,1,
Saureus--GCA_000011265.1_Saureus_MW2,2,1,1,1
Saureus--GCA_000239235.1_Saureus_11819-97,2,1,1,1
Saureus--GCA_007726545.1_Saureus_B8-13D,2,1,1,1
Saureus--GCA_003193785.1_Saureus_AR_0473,2,1,1,1
Saureus--GCA_003609915.1_Saureus_GN1,2,1,1,1
Saureus--GCA_009650155.1_Saureus_CFSAN007894,2,1,1,1
Saureus--GCA_002140115.1_Saureus_FORC_039,2,1,1,1
Saureus--GCA_900004855.1_Saureus_BB155,2,1,1,1
Saureus--GCA_900324215.1_Saureus_3_LA_115,2,1,1,1
Saureus--GCA_003354885.1_Saureus_164,2,1,1,1
Saureus--GCA_003432365.1_Saureus_QD-CD9,2,1,1,1
Saureus--GCA_900635335.1_Saureus_NCTC11965,2,1,1,1
Saureus--GCA_002000825.1_Saureus_USA300-SUR22,2,1,1,1
Saureus--GCA_900324385.1_Saureus_20_LA_415,2,1,1,1
Sxylosus--GCA_007814625.1_strain2,1,1,1,
Saureus--GCA_001717975.3_Saureus_2148.C01,2,1,1,1
Saureus--GCA_900324365.1_Saureus_19_LA_388,2,1,1,1
Saureus--GCA_001019495.2_Saureus_FDAARGOS_40,2,1,1,1
Saureus--GCA_000017085.1_Saureus_TCH1516,2,1,1,1
Sxylosus--GCA_003043105.1_SNUC_1267,1,1,1,
Saureus--GCA_000815045.1_Saureus_29b_MRSA,2,1,1,1
Saureus--GCA_009176785.1_Saureus_KG-18,2,1,1,1
Saureus--GCA_001717645.3_Saureus_5118.N,2,1,1,1
Saureus--GCA_003595485.1_Saureus_USA300-SUR7,2,1,1,1
Saureus--GCA_000284535.1_Saureus_HO50960412,2,1,1,1
Saureus--GCA_004771515.1_Saureus_B119,2,1,1,1
Saureus--GCA_000462955.1_Saureus_6850,2,1,1,1
Sxylosus--GCA_003041315.1_SNUC_233,1,1,1,
Saureus--GCA_001515745.1_Saureus_HC1340,2,1,1,1
Saureus--GCA_005707335.1_Saureus_Lr3,2,1,1,1
Saureus--GCA_001019205.2_Saureus_FDAARGOS_48,2,1,1,1
Saureus--GCA_003394105.1_Saureus_WCH-SK2,2,1,1,1
Sepidermidis--GCA_000011925.1_RP62A,1,1,1,
Saureus--GCA_900474555.1_Saureus_NCTC13137,2,1,1,1
Saureus--GCA_007726565.1_Saureus_B3-17D,2,1,1,1
Saureus--GCA_007726325.1_Saureus_B3-14B,2,1,1,1
Sxylosus--GCA_003579145.1_SNUC_5740,1,1,1,
Saureus--GCA_003351925.1_Saureus_FORC_062,2,1,1,1
Saureus--GCA_900635285.1_Saureus_NCTC7121,2,1,1,1
Saureus--GCA_002795285.1_Saureus_USA400-0051,2,1,1,1
Saureus--GCA_900607245.1_Saureus_JKD6009,2,1,1,1
Saureus--GCA_001548295.1_Saureus_FDA209P,2,1,1,1
Saureus--GCA_900635505.1_Saureus_NCTC4163,2,1,1,1
Saureus--GCA_003354625.1_Saureus_468,2,1,1,1
Saureus--GCA_009739825.1_Saureus_P1D5C1,2,1,1,1
Saureus--GCA_001956815.1_Saureus_USA300_SUR1,2,1,1,1
Saureus--GCA_900478245.1_Saureus_NCTC13277,2,1,1,1
Saureus--GCA_003193705.1_Saureus_AR_0219,2,1,1,1
Saureus--GCA_002386245.1_Saureus_FDAARGOS_412,2,1,1,1
Sepidermidis--GCA_900086615.2_BPH0662,1,1,1,
Saureus--GCA_900636695.1_Saureus_NCTC1803,2,1,1,1
Saureus--GCA_900323955.1_Saureus_1549-REV,2,1,1,1
Sepidermidis--GCA_009873455.1_ATCC_12228,1,1,1,
Saureus--GCA_003073415.1_Saureus_CAR,2,1,1,1
Saureus--GCA_008462245.1_Saureus_GD1706,2,1,1,1
Saureus--GCA_003354925.1_Saureus_135,2,1,1,1
Saureus--GCA_008619595.1_Saureus_KUH140087,2,1,1,1
Saureus--GCA_003203595.1_Saureus_AR_0226,2,1,1,1
Saureus--GCA_002000565.1_Saureus_USA300-SUR9,2,1,1,1
Saureus--GCA_004614315.1_Saureus_JK3137,2,1,1,1
Saureus--GCA_001717685.3_Saureus_1971.C01,2,1,1,1
Sxylosus--GCA_002078255.1_S170,1,1,1,
Saureus--GCA_900474525.1_Saureus_NCTC13394,2,1,1,1
Saureus--GCA_900096745.1_Saureus_AUS0325,2,1,1,1
Saureus--GCA_001019535.2_Saureus_Mw2,2,1,1,1
Saureus--GCA_000746505.1_Saureus_2395USA500,2,1,1,1
Saureus--GCA_001640905.1_Saureus_NCCP14558,2,1,1,1
Saureus--GCA_900324205.1_Saureus_1_1439,2,1,1,1
Saureus--GCA_001027045.1_Saureus_RKI4,2,1,1,1
Saureus--GCA_003595365.1_Saureus_USA300-SUR1,2,1,1,1
Saureus--GCA_003184985.1_Saureus_IT1-S,2,1,1,1
Saureus--GCA_000383005.1_Saureus_ST228,2,1,1,1
Sepidermidis--GCA_000751035.1_PM221,1,1,1,
Saureus--GCA_001618305.1_Saureus_RIVM6519,2,1,1,1
Saureus--GCA_003193885.1_Saureus_AR_0467,2,1,1,1
Saureus--GCA_003354585.1_Saureus_629,2,1,1,1
Saureus--GCA_002085525.1_Saureus_JE2,2,1,1,1
Sepidermidis--GCA_003812425.1_FDAARGOS_529,1,1,1,
Saureus--GCA_900324355.1_Saureus_10_5235,2,1,1,1
Sxylosus--GCA_003041255.1_SNUC_4938,1,1,1,
Sxylosus--GCA_003041275.1_SNUC_3232,1,1,1,
Saureus--GCA_002633865.1_Saureus_CFSAN007894,2,1,1,1
Saureus--GCA_003347055.1_Saureus_FORC_061,2,1,1,1
Sxylosus--GCA_001476985.1_NS341,1,1,1,
Saureus--GCA_000011525.1_Saureus_MSSA476,2,1,1,1
Sxylosus--GCA_003578865.1_SNUC_1349,1,1,1,
Saureus--GCA_004208595.1_Saureus_592,2,1,1,1
Saureus--GCA_003031485.1_Saureus_CC5,2,1,1,1
Saureus--GCA_001580495.1_Saureus_FORC_012,2,1,1,1
Sxylosus--GCA_003579115.1_SNUC_4735,1,1,1,
Saureus--GCA_003030065.1_Saureus_CFSAN018749,2,1,1,1
Saureus--GCA_001307235.1_Saureus_JS395,2,1,1,1
Saureus--GCA_001019255.2_Saureus_FDAARGOS_1,2,1,1,1
Saureus--GCA_001975005.1_Saureus_UCI62,2,1,1,1
Saureus--GCA_001019415.2_Saureus_NRS146,2,1,1,1
Saureus--GCA_900474535.1_Saureus_NCTC7485,2,1,1,1
Saureus--GCA_900324225.1_Saureus_7_4623,2,1,1,1
Saureus--GCA_009739795.1_Saureus_P1D7C1,2,1,1,1
Saureus--GCA_001018645.2_Saureus_FDAARGOS_2,2,1,1,1
Saureus--GCA_900129335.1_Saureus_Clinicalisolate,2,1,1,1
Saureus--GCA_000009665.1_Saureus_Mu50,2,1,1,1
Saureus--GCA_007954445.1_Saureus_BSN9S,2,1,1,1
Saureus--GCA_008244725.1_Saureus_NRS384-rpoB-H481N-NCV,2,1,1,1
Saureus--GCA_002000865.1_Saureus_USA300-SUR24,2,1,1,1
Saureus--GCA_009176765.1_Saureus_KG-03,2,1,1,1
Saureus--GCA_001611365.1_Saureus_ST20130942,2,1,1,1
Saureus--GCA_001735655.2_Saureus_3020.C01,2,1,1,1
Saureus--GCA_000815245.1_Saureus_27b_MRSA,2,1,1,1
Saureus--GCA_001986135.1_Saureus_SR434,2,1,1,1
Saureus--GCA_001611405.1_Saureus_ST20130938,2,1,1,1
Sxylosus--GCA_007677965.1_DE0198,1,1,1,
Saureus--GCA_003955945.1_Saureus_O267,2,1,1,1
Saureus--GCA_003194005.1_Saureus_AR_0469,2,1,1,1
Saureus--GCA_001611325.1_Saureus_ST20130940,2,1,1,1
Saureus--GCA_001457495.1_Saureus_NCTC13435,2,1,1,1
Sxylosus--GCA_000338275.1_NJ,1,1,1,
Saureus--GCA_003193725.1_Saureus_AR_0216,2,1,1,1
Saureus--GCA_000815125.1_Saureus_33b,2,1,1,1
Saureus--GCA_900324265.1_Saureus_9_LA_281,2,1,1,1
Saureus--GCA_001880265.1_Saureus_SA40TW,2,1,1,1
Saureus--GCA_000010445.1_Saureus_Mu3,2,1,1,1
Saureus--GCA_001019395.2_Saureus_NRS484,2,1,1,1
Saureus--GCA_003073435.1_Saureus_OXLIM,2,1,1,1
Saureus--GCA_900620235.1_Saureus_BPH2900,2,1,1,1
Sxylosus--GCA_000467225.1_DMB3-Bh1,1,1,1,
Saureus--GCA_900637155.1_Saureus_NCTC13811,2,1,1,1
Saureus--GCA_002000765.1_Saureus_USA300-SUR19,2,1,1,1
Saureus--GCA_002895385.1_Saureus_MRSA107,2,1,1,1
Sxylosus--GCA_003043125.1_SNUC_196,1,1,1,
Saureus--GCA_002633825.1_Saureus_CFSAN007851,2,1,1,1
Saureus--GCA_000145595.1_Saureus_JKD6008,2,1,1,1
Saureus--GCA_005890015.1_Saureus_JKD6004,2,1,1,1
Saureus--GCA_009739675.1_Saureus_P2D8C1,2,1,1,1
Saureus--GCA_001465675.1_Saureus_RIVM1607,2,1,1,1
Saureus--GCA_003354785.1_Saureus_85,2,1,1,1
Saureus--GCA_003991015.1_Saureus_USA100,2,1,1,1
Saureus--GCA_003193665.1_Saureus_AR_0472,2,1,1,1
Sxylosus--GCA_003041485.1_SNUC_4476,1,1,1,
Sxylosus--GCA_003043175.1_SNUC_47,1,1,1,
Sepidermidis--GCA_009769125.1_NCCP_16828,1,1,1,
Scarnosus--GCA_001701005.1_LTH_3730-SK_13-JCM_6069,1,1,1,
Saureus--GCA_003627835.1_Saureus_O326,2,1,1,1
Sxylosus--GCA_003043145.1_SNUC_966,1,,1,
Saureus--GCA_003595385.1_Saureus_USA300-SUR2,2,1,1,1
Saureus--GCA_003595465.1_Saureus_USA300-SUR6,2,1,1,1
Saureus--GCA_003354685.1_Saureus_277,2,1,1,1
Saureus--GCA_008329885.1_Saureus_CFSAN082781,2,1,1,1
Sxylosus--GCA_003041535.1_SNUC_5423,1,1,1,
Saureus--GCA_002310435.1_Saureus_NYU_Newman,2,1,1,1
Saureus--GCA_000969225.1_Saureus_FCFHV36,2,1,1,1
Saureus--GCA_000210315.1_Saureus_ED133,2,1,1,1
Saureus--GCA_003194025.1_Saureus_AR_0215,2,1,1,1
Saureus--GCA_001019125.2_Saureus_FDAARGOS_43,2,1,1,1
Saureus--GCA_000189455.3_Saureus_O46,2,1,1,1
Saureus--GCA_003425915.1_Saureus_64,2,1,1,1
Sxylosus--GCA_001747725.1_22B,1,1,1,
Saureus--GCA_000709475.1_Saureus_XN108,2,1,1,1
Saureus--GCA_003573835.1_Saureus_JMUB3031,2,1,1,1
Saureus--GCA_008693765.1_Saureus_FDAARGOS_660,2,1,1,1
Saureus--GCA_001975045.1_Saureus_UCI28,2,1,1,1
Saureus--GCA_001465755.1_Saureus_RIVM3897,2,1,1,1
Saureus--GCA_002000805.1_Saureus_USA300-SUR21,2,1,1,1
Saureus--GCA_000452385.2_Saureus_Tager104,2,1,1,1
Saureus--GCA_000695215.1_Saureus_H-EMRSA-15,2,1,1,1
Saureus--GCA_001515765.1_Saureus_HC1335,2,1,1,1
Sepidermidis--GCA_001956655.2_Strain_14.1.R1,1,1,1,
Saureus--GCA_001281145.1_Saureus_SA564,2,1,1,1
Scarnosus--GCA_000009405.1_TM300,1,1,1,
Saureus--GCA_900324255.1_Saureus_2_LA_86,2,1,1,1
Saureus--GCA_003354605.1_Saureus_422,2,1,1,1
Saureus--GCA_900635265.1_Saureus_NCTC12233,2,1,1,1
Saureus--GCA_003330905.1_Saureus_AR_474,2,1,1,1
Saureus--GCA_001018805.2_Saureus_FDAARGOS_15,2,1,1,1
Sxylosus--GCA_000709415.1_SMQ-121,1,1,1,
Saureus--GCA_009176875.1_Saureus_KG-22,2,1,1,1
Sxylosus--GCA_004571015.1_WT6,1,1,1,
Saureus--GCA_003855575.1_Saureus_80wphwpl_v1,2,1,1,1
Saureus--GCA_001456215.1_Saureus_MS4,2,1,1,1
Saureus--GCA_900607275.1_Saureus_BPH2070,2,1,1,1
Saureus--GCA_002000685.1_Saureus_USA300-SUR15,2,1,1,1
Saureus--GCA_000296595.1_Saureus_08BA02176,2,1,1,1
Saureus--GCA_008329865.1_Saureus_CFSAN082782,2,1,1,1
Saureus--GCA_000597965.1_Saureus_502A,2,1,1,1
Saureus--GCA_003595445.1_Saureus_USA300-SUR5,2,1,1,1
Sxylosus--GCA_003850005.1_UGA5,,1,1,
Saureus--GCA_009739845.1_Saureus_P1D1C1,2,1,1,1
Saureus--GCA_002202075.1_Saureus_Seattle1945,2,1,1,1
Saureus--GCA_000815205.1_Saureus_25b_MRSA,2,1,1,1
Saureus--GCA_005954685.1_Saureus_D592,2,1,1,1
Saureus--GCA_000237265.1_Saureus_LGA251,2,1,1,
Sepidermidis--GCA_902509505.1_Strain_Unknown2,1,1,1,
Sxylosus--GCA_001747745.1_BC10,1,1,1,
Sxylosus--GCA_003578895.1_SNUC_237,1,1,1,
Saureus--GCA_900607285.1_Saureus_BPH3244,2,1,1,1
Saureus--GCA_002025145.1_Saureus_ATCC6538,2,1,1,1
Saureus--GCA_004026165.1_Saureus_PCFH-226,2,1,1,1
Saureus--GCA_008619415.1_Saureus_KUH140046,2,1,1,1
Saureus--GCA_003354745.1_Saureus_466,2,1,1,1
Sepidermidis--GCA_902509485.1_Strain_Unknown5,1,1,1,
Saureus--GCA_001879545.1_Saureus_FORC_026,2,1,1,1
Saureus--GCA_001640885.1_Saureus_ZJ5499,2,1,1,1
Saureus--GCA_900324325.1_Saureus_14_5418,2,1,1,1
Saureus--GCA_003194405.1_Saureus_CHU15-056,2,1,1,1
Sepidermidis--GCA_011038575.1_E73,1,1,1,
Saureus--GCA_900324305.1_Saureus_13_LA_301,2,1,1,1
Saureus--GCA_900017775.1_Saureus_NZAK3,2,1,1,1
Saureus--GCA_001465635.1_Saureus_RIVM1295,2,1,1,1
Saureus--GCA_001296985.1_Saureus_GR2,2,1,1,1
Saureus--GCA_900635305.1_Saureus_NCTC4137,2,1,1,1
Saureus--GCA_003264815.1_Saureus_CMRSA-6,2,1,1,1
Sxylosus--GCA_003578765.1_SNUC_5173,1,1,1,
Saureus--GCA_001900185.1_Saureus_HG001,2,1,1,1
Sepidermidis--GCA_002850315.1_DAR1907,1,1,1,
Saureus--GCA_007954465.1_Saureus_BSN9R,2,1,1,1
Saureus--GCA_002000645.1_Saureus_USA300-SUR13,2,1,1,1
Sepidermidis--GCA_009769015.1_NCCP_16829,1,1,1,
Saureus--GCA_003073775.1_Saureus_AR462,2,1,1,1
Saureus--GCA_000159535.2_Saureus_TCH60,2,1,1,1
Saureus--GCA_003029645.1_Saureus_CFSAN064038,2,1,1,1
Saureus--GCA_004772175.1_Saureus_O55,,1,1,1
Saureus--GCA_001725965.1_Saureus_FORC_027,2,1,1,1
Saureus--GCA_002356675.1_Saureus_JH4899,2,1,1,1
Saureus--GCA_003073655.1_Saureus_AR465,2,1,1,1
Saureus--GCA_005706855.1_Saureus_Lr2,2,1,1,1
Sxylosus--GCA_007992815.1_NBRC_109770,1,1,1,
Saureus--GCA_900474665.1_Saureus_NCTC9752,2,1,1,1
Saureus--GCA_004785995.1_Saureus_WCUH29,2,1,1,1
Saureus--GCA_003354865.1_Saureus_45,2,1,1,1
Saureus--GCA_000815165.1_Saureus_26b_MRSA,2,1,1,1
Scarnosus--GCA_000969565.1_LTH7013,2,1,1,
Saureus--GCA_007998145.1_Saureus_X22,2,1,1,1
Saureus--GCA_003354805.1_Saureus_54,2,1,1,1
Sxylosus--GCA_003578795.1_SNUC_4555,1,1,1,
Saureus--GCA_003031285.1_Saureus_TF3198,2,1,1,1
Saureus--GCA_002204555.1_Saureus_ISU935,2,1,1,1
Sxylosus--GCA_000815285.1_LSR_02N,1,1,1,
Saureus--GCA_003595405.1_Saureus_USA300-SUR3,2,1,1,1
Saureus--GCA_000144955.1_Saureus_JKD6159,2,1,1,1
Sxylosus--GCA_001747735.1_CJH_74,1,1,1,
Sepidermidis--GCA_003856455.1_CDC121,1,,1,
Saureus--GCA_000237125.3_Saureus_M013,2,1,1,1
Saureus--GCA_002000845.1_Saureus_USA300-SUR23,2,1,1,1
Saureus--GCA_001018915.2_Saureus_NRS133,2,1,1,1
Saureus--GCA_000772025.1_Saureus_FORC_001,2,1,1,1
Saureus--GCA_004136655.1_Saureus_S57,2,1,1,1
Saureus--GCA_001656045.1_Saureus_08-02119,2,1,1,1
Saureus--GCA_005931035.1_Saureus_GD1108,2,1,1,1
Sepidermidis--GCA_002954055.1_FDAARGOS_161,1,1,1,
Saureus--GCA_007726495.1_Saureus_B2-15A,2,1,1,1
Saureus--GCA_009728775.1_Saureus_ST20130945,2,1,1,1
Saureus--GCA_900607295.1_Saureus_BPH2869,2,1,1,1
Saureus--GCA_001019435.2_Saureus_NRS1,2,1,1,1
Saureus--GCA_000253135.1_Saureus_ECT-R2,2,1,1,1
Saureus--GCA_001019575.2_Saureus_HPV107,2,1,1,1
Saureus--GCA_900620225.1_Saureus_BPH2819,2,1,1,1
Saureus--GCA_001183705.3_Saureus_USA300_2014.C01,2,1,1,1
Saureus--GCA_002850415.1_Saureus_K18,,1,1,1
Saureus--GCA_001021895.1_Saureus_CA15,2,1,1,1
Saureus--GCA_002089115.2_Saureus_GD1539,2,1,1,1
Saureus--GCA_900474575.1_Saureus_NCTC9944,2,1,1,1
Sxylosus--GCA_002836835.1_INIFAP_005-08,1,1,1,
Saureus--GCF_000953255.1_Staphylococcus_aureus_Sa_ILRI_217,2,1,1,1
Saureus--GCA_002000785.1_Saureus_USA300-SUR20,2,1,1,1
Saureus--GCA_900607305.1_Saureus_BPH2056,2,1,1,1
Saureus--GCA_003288395.1_Saureus_AR_475,2,1,1,1
Saureus--GCA_002850395.1_Saureus_K17,,1,1,1
Saureus--GCA_003957315.1_Saureus_PMB64-1,2,1,1,1
Saureus--GCA_003490125.1_Saureus_O17,2,1,1,1
Saureus--GCA_007410625.1_Saureus_JKD6004-DR,2,1,1,1
Sxylosus--GCA_002732165.1_CCM_2738,1,1,1,
Saureus--GCA_008620175.1_Saureus_KUH180129,2,1,1,1
Saureus--GCA_900324405.1_Saureus_21_LA_436,2,1,1,1
Saureus--GCA_001717665.2_Saureus_2148.N,2,1,1,1
Saureus--GCA_001549675.1_Saureus_TMUS2134,2,1,1,1
Saureus--GCA_008619935.1_Saureus_KUH180038,2,1,1,1
Saureus--GCA_000011505.1_Saureus_MRSA252,2,1,1,1
Saureus--GCA_008330585.1_Saureus_CFSAN082783,2,1,1,1
Sxylosus--GCA_900240095.1_ATCC_29971,1,1,1,
Saureus--GCA_002209325.1_Saureus_FORC_045,2,1,1,1
Saureus--GCA_003030225.1_Saureus_CFSAN018750,2,1,1,1
Saureus--GCA_002355355.1_Saureus_OC8,2,1,1,1
Saureus--GCA_003031425.1_Saureus_CFSAN007896,2,1,1,1
Saureus--GCA_900474725.1_Saureus_NCTC13140,2,1,1,1
Saureus--GCA_002000625.1_Saureus_USA300-SUR12,2,1,1,1
Saureus--GCA_003432345.1_Saureus_NX-T55,2,1,1,1
Saureus--GCA_002633805.1_Saureus_CFSAN007850,2,1,1,1
Saureus--GCA_001046095.2_Saureus_V2200,2,1,1,1
Saureus--GCA_001019305.2_Saureus_NRS70,2,1,1,1
Scarnosus--GCA_003970565.1_DSM_20501,1,2,1,
Saureus--GCA_003073635.1_Saureus_AR466,2,1,1,1
Sxylosus--GCA_003579155.1_SNUC_4554,1,1,1,
Saureus--GCA_008620055.1_Saureus_KUH180062,2,1,1,1
Saureus--GCA_900475245.1_Saureus_NCTC8325,2,1,1,1
Saureus--GCA_003111745.1_Saureus_PTDrAP2,2,1,1,1
Saureus--GCA_000815085.1_Saureus_31b_MRSA,2,1,1,1
Saureus--GCA_003193685.1_Saureus_AR_0223,2,1,1,1
Saureus--GCA_003186105.1_Saureus_MOK063,2,1,1,1
Saureus--GCA_001444345.1_Saureus_XQ,2,1,1,1
Saureus--GCA_900474735.1_Saureus_NCTC13395,2,1,1,1
Saureus--GCA_003186125.1_Saureus_MOK042,2,1,1,1
Saureus--GCA_900324295.1_Saureus_16_LA_309,2,1,1,1
Sepidermidis--GCA_000007645.1_ATCC_12228,1,1,1,
Saureus--GCA_000012045.1_Saureus_COL,2,1,1,1
Saureus--GCA_001019485.2_Saureus_NRS120,2,1,1,1
Saureus--GCA_900474695.1_Saureus_NCTC5663,2,1,1,1
Saureus--GCA_007726465.1_Saureus_B2-7A,2,1,1,1
Saureus--GCA_000009005.1_Saureus_RF122,2,1,1,1
Saureus--GCA_003342735.1_Saureus_E16SA093,2,1,1,1
Sepidermidis--GCA_902509525.1_none,1,1,1,
Saureus--GCA_001717725.2_Saureus_1625.C01,2,1,1,1
Saureus--GCA_007726525.1_Saureus_B4-59C,2,1,1,1
Saureus--GCA_005707215.1_Saureus_Lr12,2,1,1,1
Saureus--GCA_900324275.1_Saureus_6_LA_232,2,1,1,1
Saureus--GCA_002204575.1_Saureus_ISU926,2,1,1,1
Sxylosus--GCA_001748025.1_733A,1,1,1,
Saureus--GCA_003354665.1_Saureus_165,2,1,1,1
Saureus--GCA_000016805.1_Saureus_JH9,2,1,1,1
