1,NZ_CP013994.1,1264192,1265727,AWJ25_RS06360,IS1182_like element ISEfa7 family transposase,+
1,NZ_CP013994.1,2531324,2532787,AWJ25_RS12635,IS1182_like element ISEfa7 family transposase,+
1,NZ_CP013994.1,2514744,2516207,AWJ25_RS12540,IS1182_like element ISEfa7 family transposase,-
1,NZ_CP013994.1,2165515,2166978,AWJ25_RS10960,IS1182_like element ISEfa7 family transposase,+
1,NZ_CP013994.1,2543926,2545389,AWJ25_RS12715,IS1182_like element ISEfa7 family transposase,+
1,NZ_CP013995.1,2319,3941,AWJ25_RS14655,IS1182 family transposase,-
2,NZ_CP013994.1,113622,114575,AWJ25_RS00575,IS30 family transposase,-
2,NZ_CP013994.1,1069940,1070893,AWJ25_RS05390,IS30 family transposase,-
2,NZ_CP013996.1,9637,10590,AWJ25_RS16800,IS30 family transposase,+
2,NZ_CP013994.1,556815,557768,AWJ25_RS02795,IS30 family transposase,-
2,NZ_CP013994.1,2050778,2051731,AWJ25_RS10425,IS30 family transposase,+
2,NZ_CP013994.1,1711031,1711984,AWJ25_RS08495,IS30 family transposase,-
2,NZ_CP013994.1,1438979,1439932,AWJ25_RS07190,IS30 family transposase,+
2,NZ_CP013994.1,1829476,1830429,AWJ25_RS09120,IS30 family transposase,-
2,NZ_CP013994.1,2524311,2525264,AWJ25_RS12600,IS30 family transposase,+
2,NZ_CP013995.1,53433,54386,AWJ25_RS14975,IS30 family transposase,-
2,NZ_CP013994.1,899233,900186,AWJ25_RS04545,IS30 family transposase,-
2,NZ_CP013994.1,1216719,1217672,AWJ25_RS06070,IS30 family transposase,+
3,NZ_CP013994.1,1480797,1481483,AWJ25_RS07370,IS6_like element IS1216 family transposase,-
3,NZ_CP013996.1,28468,29154,AWJ25_RS16890,IS6_like element IS1216 family transposase,-
3,NZ_CP013994.1,2060612,2061298,AWJ25_RS10470,IS6_like element IS1216 family transposase,-
3,NZ_CP013995.1,236808,237494,AWJ25_RS15960,IS6_like element IS1216 family transposase,+
3,NZ_CP013995.1,145971,146657,AWJ25_RS15475,IS6_like element IS1216 family transposase,+
3,NZ_CP013995.1,375975,376661,AWJ25_RS16705,IS6_like element IS1216 family transposase,-
3,NZ_CP013995.1,175939,176619,AWJ25_RS15630,IS6 family transposase,-
3,NZ_CP013995.1,303807,304499,AWJ25_RS16335,IS6_like element IS1216 family transposase,+
3,NZ_CP013995.1,199528,200208,AWJ25_RS15760,IS6 family transposase,-
3,NZ_CP013996.1,17861,18547,AWJ25_RS16830,IS6_like element IS1216 family transposase,+
3,NZ_CP013995.1,299765,300451,AWJ25_RS16295,IS6_like element IS1216 family transposase,-
3,NZ_CP013996.1,37239,37925,AWJ25_RS16950,IS6_like element IS1216 family transposase,+
3,NZ_CP013995.1,194545,195231,AWJ25_RS15735,IS6_like element IS1216 family transposase,+
3,NZ_CP013996.1,44029,44715,AWJ25_RS16990,IS6_like element IS1216 family transposase,-
3,NZ_CP013995.1,17420,18100,AWJ25_RS14735,IS6_like element IS1216 family transposase,-
3,NZ_CP013995.1,32526,33212,AWJ25_RS14835,IS6_like element IS1216 family transposase,+
3,NZ_CP013996.1,48606,49292,AWJ25_RS17020,IS6_like element IS1216 family transposase,+
3,NZ_CP013996.1,19825,20511,AWJ25_RS16845,IS6_like element IS1216 family transposase,-
3,NZ_CP013995.1,29777,30463,AWJ25_RS14820,IS6_like element IS1216 family transposase,+
4,NZ_CP013995.1,18211,19352,AWJ25_RS14745,IS3 family transposase,+
4,NZ_CP013995.1,37326,38467,AWJ25_RS14870,IS3 family transposase,-
5,NZ_CP013994.1,414596,415768,AWJ25_RS02025,IS256_like element IS256 family transposase,-
5,NZ_CP013994.1,2830479,2831651,AWJ25_RS14030,IS256_like element IS256 family transposase,+
5,NZ_CP013995.1,27333,28505,AWJ25_RS14805,IS256_like element IS256 family transposase,+
5,NZ_CP013994.1,810969,812141,AWJ25_RS04025,IS256_like element IS256 family transposase,+
5,NZ_CP013996.1,20805,21977,AWJ25_RS16850,IS256_like element IS256 family transposase,-
6,NZ_CP013995.1,25697,26377,AWJ25_RS14790,IS6_like element ISS1N family transposase,-
6,NZ_CP013995.1,172184,172864,AWJ25_RS15605,IS6 family transposase,-
6,NZ_CP013995.1,141280,141960,AWJ25_RS15440,IS6 family transposase,-
7,NZ_CP013994.1,29051,29167,AWJ25_RS18200,hypothetical protein,+
7,NZ_CP013994.1,2878123,2878245,AWJ25_RS18275,hypothetical protein,-
8,NZ_CP013995.1,33992,34261,AWJ25_RS14845,hypothetical protein,+
8,NZ_CP013995.1,260509,260778,AWJ25_RS16110,hypothetical protein,-
9,NZ_CP013994.1,963880,964839,AWJ25_RS04890,IS30 family transposase,+
9,NZ_CP013994.1,968902,969861,AWJ25_RS04915,IS30 family transposase,-
9,NZ_CP013996.1,34586,35545,AWJ25_RS16935,IS30 family transposase,-
9,NZ_CP013994.1,2529328,2530287,AWJ25_RS12625,IS30 family transposase,-
9,NZ_CP013995.1,188635,189594,AWJ25_RS15705,IS30 family transposase,-
10,NZ_CP013995.1,35232,36824,AWJ25_RS14860,hypothetical protein,+
10,NZ_CP013995.1,323740,325332,AWJ25_RS16465,hypothetical protein,-
10,NZ_CP013995.1,257882,259474,AWJ25_RS16095,hypothetical protein,-
11,NZ_CP013995.1,36845,37165,AWJ25_RS14865,hypothetical protein,+
11,NZ_CP013995.1,257526,257861,AWJ25_RS16090,hypothetical protein,-
11,NZ_CP013995.1,323393,323728,AWJ25_RS16460,hypothetical protein,-
12,NZ_CP013995.1,38715,38909,AWJ25_RS14880,hypothetical protein,+
12,NZ_CP013995.1,257186,257380,AWJ25_RS16085,hypothetical protein,-
13,NZ_CP013994.1,211343,212593,AWJ25_RS01030,IS110 family transposase,-
13,NZ_CP013995.1,354052,355302,AWJ25_RS16600,IS110 family transposase,+
13,NZ_CP013994.1,1226857,1228107,AWJ25_RS06125,IS110 family transposase,-
13,NZ_CP013994.1,2303135,2304385,AWJ25_RS11600,IS110 family transposase,-
13,NZ_CP013994.1,1978466,1979716,AWJ25_RS09980,IS110 family transposase,+
13,NZ_CP013994.1,2175328,2176578,AWJ25_RS10985,IS110 family transposase,+
13,NZ_CP013994.1,807767,809017,AWJ25_RS04015,IS110 family transposase,-
13,NZ_CP013994.1,1009105,1010355,AWJ25_RS05135,IS110 family transposase,-
13,NZ_CP013995.1,39045,40295,AWJ25_RS14885,IS110 family transposase,-
13,NZ_CP013994.1,438259,439509,AWJ25_RS02130,IS110 family transposase,-
13,NZ_CP013995.1,255800,257050,AWJ25_RS16080,IS110 family transposase,+
13,NZ_CP013994.1,469609,470859,AWJ25_RS02285,IS110 family transposase,-
13,NZ_CP013994.1,1707219,1708469,AWJ25_RS08480,IS110 family transposase,+
14,NZ_CP013994.1,369355,370650,AWJ25_RS01805,ISL3_like element ISEfa11 family transposase,+
14,NZ_CP013994.1,775016,776311,AWJ25_RS03865,ISL3_like element ISEfa5 family transposase,-
14,NZ_CP013994.1,1638037,1639332,AWJ25_RS08160,ISL3_like element ISEfa5 family transposase,+
14,NZ_CP013994.1,2461278,2462573,AWJ25_RS12290,ISL3_like element ISEfa11 family transposase,+
14,NZ_CP013994.1,2360194,2361489,AWJ25_RS11855,ISL3_like element ISEfa5 family transposase,+
14,NZ_CP013994.1,951546,952841,AWJ25_RS04840,ISL3_like element ISEfa5 family transposase,+
14,NZ_CP013994.1,1025476,1026771,AWJ25_RS05195,ISL3_like element ISEfa11 family transposase,-
14,NZ_CP013995.1,102537,103832,AWJ25_RS15235,ISL3_like element ISEfa11 family transposase,-
14,NZ_CP013994.1,944547,945842,AWJ25_RS04800,ISL3_like element ISEfa11 family transposase,+
14,NZ_CP013994.1,1662547,1663842,AWJ25_RS08285,ISL3_like element ISEfa11 family transposase,+
14,NZ_CP013996.1,42716,43999,AWJ25_RS16985,ISL3_like element ISEfa11 family transposase,+
14,NZ_CP013995.1,245011,246306,AWJ25_RS16030,ISL3_like element ISEfa5 family transposase,+
14,NZ_CP013994.1,2637235,2638530,AWJ25_RS13105,ISL3_like element ISEfa11 family transposase,+
14,NZ_CP013994.1,456590,457885,AWJ25_RS02210,ISL3_like element ISEfa5 family transposase,-
14,NZ_CP013995.1,304559,305854,AWJ25_RS16340,ISL3_like element ISEfa11 family transposase,-
14,NZ_CP013994.1,666922,668217,AWJ25_RS03345,ISL3_like element ISEfa11 family transposase,-
14,NZ_CP013994.1,1742675,1743970,AWJ25_RS08720,ISL3_like element ISEfa5 family transposase,+
14,NZ_CP013994.1,1136008,1137303,AWJ25_RS05675,ISL3_like element ISEfa5 family transposase,-
14,NZ_CP013994.1,645042,646337,AWJ25_RS03210,ISL3_like element ISEfa11 family transposase,-
15,NZ_CP013995.1,43137,44606,AWJ25_RS14900,DUF3991 domain_containing protein,+
15,NZ_CP013995.1,251497,252957,AWJ25_RS16070,hypothetical protein,-
15,NZ_CP013995.1,319127,320587,AWJ25_RS16445,hypothetical protein,-
16,NZ_CP013995.1,44617,46626,AWJ25_RS14905,DNA topoisomerase III,+
16,NZ_CP013995.1,316912,319116,AWJ25_RS16440,type IA DNA topoisomerase,-
16,NZ_CP013995.1,249282,251486,AWJ25_RS16065,type IA DNA topoisomerase,-
17,NZ_CP013994.1,111309,112487,AWJ25_RS00565,IS256_like element ISEf1 family transposase,+
17,NZ_CP013994.1,1827225,1828403,AWJ25_RS09110,IS256_like element ISEf1 family transposase,+
17,NZ_CP013994.1,702086,703264,AWJ25_RS03540,IS256_like element ISEf1 family transposase,-
17,NZ_CP013995.1,65384,66562,AWJ25_RS15030,IS256_like element ISEf1 family transposase,+
17,NZ_CP013994.1,1584127,1585305,AWJ25_RS07895,IS256_like element ISEf1 family transposase,-
17,NZ_CP013994.1,1217828,1219006,AWJ25_RS06075,IS256_like element ISEf1 family transposase,-
17,NZ_CP013995.1,82661,83839,AWJ25_RS15130,IS256_like element ISEf1 family transposase,+
17,NZ_CP013995.1,297720,298898,AWJ25_RS16285,IS256_like element ISEf1 family transposase,+
17,NZ_CP013994.1,941173,942351,AWJ25_RS04785,IS256_like element ISEf1 family transposase,-
17,NZ_CP013996.1,45421,46599,AWJ25_RS17000,IS256_like element ISEf1 family transposase,-
18,NZ_CP013995.1,50390,50596,AWJ25_RS14945,hypothetical protein,+
18,NZ_CP013995.1,313404,313610,AWJ25_RS16410,hypothetical protein,-
18,NZ_CP013995.1,244204,244410,AWJ25_RS16025,hypothetical protein,-
19,NZ_CP013995.1,50596,50847,AWJ25_RS14950,hypothetical protein,+
19,NZ_CP013995.1,313153,313404,AWJ25_RS16405,hypothetical protein,-
19,NZ_CP013995.1,243953,244204,AWJ25_RS16020,hypothetical protein,-
20,NZ_CP013995.1,51293,51988,AWJ25_RS14960,hypothetical protein,+
20,NZ_CP013995.1,242801,243508,AWJ25_RS16010,hypothetical protein,-
20,NZ_CP013995.1,312001,312708,AWJ25_RS16395,hypothetical protein,-
21,NZ_CP013995.1,52369,52548,AWJ25_RS18025,hypothetical protein,+
21,NZ_CP013995.1,242241,242420,AWJ25_RS16000,hypothetical protein,-
21,NZ_CP013995.1,311441,311620,AWJ25_RS16385,hypothetical protein,-
22,NZ_CP013994.1,2891843,2893069,AWJ25_RS14310,site_specific integrase,+
22,NZ_CP013995.1,60877,62103,AWJ25_RS15010,site_specific integrase,-
23,NZ_CP013994.1,962759,963667,AWJ25_RS04885,IS982_like element ISEfm1 family transposase,-
23,NZ_CP013995.1,83964,84872,AWJ25_RS15135,IS982_like element ISEfm1 family transposase,-
23,NZ_CP013994.1,1344531,1345439,AWJ25_RS06760,IS982_like element ISEfm1 family transposase,-
23,NZ_CP013995.1,190144,191052,AWJ25_RS15710,IS982 family transposase,+
23,NZ_CP013995.1,224192,225100,AWJ25_RS15885,IS982_like element ISEfm1 family transposase,-
23,NZ_CP013995.1,365036,365944,AWJ25_RS16645,IS982_like element ISEfm1 family transposase,+
23,NZ_CP013995.1,372298,373206,AWJ25_RS16675,IS982 family transposase,-
23,NZ_CP013995.1,62891,63799,AWJ25_RS15015,IS982 family transposase,+
24,NZ_CP013995.1,67270,67893,AWJ25_RS15040,recombinase family protein,-
24,NZ_CP013995.1,309855,310469,AWJ25_RS16370,recombinase family protein,+
24,NZ_CP013995.1,143149,143700,AWJ25_RS15455,helix_turn_helix domain_containing protein,+
24,NZ_CP013995.1,239351,239965,AWJ25_RS15980,recombinase family protein,+
25,NZ_CP013994.1,481672,482834,AWJ25_RS02335,IS3 family transposase,-
25,NZ_CP013994.1,2506871,2508033,AWJ25_RS12505,IS3 family transposase,-
25,NZ_CP013994.1,803073,804235,AWJ25_RS03980,IS3 family transposase,-
25,NZ_CP013995.1,80802,81964,AWJ25_RS15120,IS3 family transposase,-
25,NZ_CP013994.1,915638,916800,AWJ25_RS04630,IS3 family transposase,+
25,NZ_CP013995.1,111349,112511,AWJ25_RS15285,IS3 family transposase,-
26,NZ_CP013995.1,95660,96317,AWJ25_RS15210,IS6 family transposase,-
26,NZ_CP013995.1,230441,231095,AWJ25_RS15920,IS6 family transposase,+
27,NZ_CP013995.1,96646,97518,AWJ25_RS15215,ROK family protein,-
27,NZ_CP013995.1,179053,179925,AWJ25_RS15655,ROK family protein,-
28,NZ_CP013994.1,243362,244531,AWJ25_RS01200,IS256_like element ISEfa13 family transposase,+
28,NZ_CP013995.1,138412,139581,AWJ25_RS15430,IS256 family transposase,-
29,NZ_CP013994.1,2167696,2170845,AWJ25_RS10965,type I restriction endonuclease subunit R,-
29,NZ_CP013995.1,146869,150018,AWJ25_RS15480,type I restriction endonuclease subunit R,-
30,NZ_CP013994.1,2172096,2173688,AWJ25_RS10975,type I restriction_modification system subunit M,-
30,NZ_CP013995.1,151239,152834,AWJ25_RS15490,type I restriction_modification system subunit M,-
31,NZ_CP013994.1,162200,163539,AWJ25_RS17075,IS3_like element ISEnfa3 family transposase,+
31,NZ_CP013994.1,2429829,2431168,AWJ25_RS17770,IS3_like element ISEnfa3 family transposase,+
31,NZ_CP013994.1,804961,806300,AWJ25_RS17260,IS3_like element ISEnfa3 family transposase,+
32,NZ_CP013995.1,174043,174900,AWJ25_RS15615,ParA family protein,-
32,NZ_CP013995.1,374943,375800,AWJ25_RS16700,ParA family protein,+
33,NZ_CP013995.1,175461,175790,AWJ25_RS15625,AbrB family transcriptional regulator,-
33,NZ_CP013995.1,374052,374381,AWJ25_RS16690,AbrB family transcriptional regulator,+
34,NZ_CP013994.1,189886,191187,AWJ25_RS00945,ISL3 family transposase,+
34,NZ_CP013995.1,292820,294121,AWJ25_RS16265,ISL3 family transposase,+
34,NZ_CP013995.1,212040,213341,AWJ25_RS15820,ISL3 family transposase,+
34,NZ_CP013994.1,540769,542070,AWJ25_RS02700,ISL3 family transposase,-
34,NZ_CP013994.1,1815243,1816544,AWJ25_RS09055,ISL3 family transposase,-
34,NZ_CP013994.1,1795639,1796940,AWJ25_RS08960,ISL3 family transposase,-
34,NZ_CP013994.1,1089998,1091299,AWJ25_RS05475,ISL3 family transposase,-
34,NZ_CP013994.1,479980,481281,AWJ25_RS02330,ISL3 family transposase,-
34,NZ_CP013994.1,1250883,1252184,AWJ25_RS06265,ISL3 family transposase,-
35,NZ_CP013994.1,889364,890551,AWJ25_RS04510,IS256_like element IS16 family transposase,+
35,NZ_CP013994.1,1872444,1873631,AWJ25_RS09315,IS256_like element IS16 family transposase,-
35,NZ_CP013994.1,2517649,2518836,AWJ25_RS12555,IS256_like element IS16 family transposase,-
35,NZ_CP013995.1,202397,203584,AWJ25_RS15775,IS256_like element IS16 family transposase,+
35,NZ_CP013994.1,1825679,1826866,AWJ25_RS09105,IS256_like element IS16 family transposase,-
36,NZ_CP013994.1,246976,248271,AWJ25_RS01215,ISL3 family transposase,-
36,NZ_CP013994.1,1830918,1832213,AWJ25_RS09130,ISL3 family transposase,+
36,NZ_CP013994.1,727797,729092,AWJ25_RS03645,ISL3 family transposase,-
36,NZ_CP013994.1,1582201,1583496,AWJ25_RS07885,ISL3 family transposase,+
36,NZ_CP013994.1,2554983,2556278,AWJ25_RS12765,ISL3 family transposase,+
36,NZ_CP013995.1,208254,209546,AWJ25_RS15800,ISL3 family transposase,+
36,NZ_CP013994.1,1275141,1276436,AWJ25_RS06435,ISL3 family transposase,-
37,NZ_CP013994.1,916931,917125,AWJ25_RS04635,hypothetical protein,+
37,NZ_CP013995.1,209625,209819,AWJ25_RS15805,hypothetical protein,+
38,NZ_CP013994.1,917115,917468,AWJ25_RS04640,IS66 family insertion sequence element accessory protein TnpB,+
38,NZ_CP013995.1,209809,210162,AWJ25_RS15810,IS66 family insertion sequence element accessory protein TnpB,+
39,NZ_CP013994.1,917570,919117,AWJ25_RS04645,IS66 family transposase,+
39,NZ_CP013995.1,210264,211811,AWJ25_RS15815,IS66 family transposase,+
40,NZ_CP013995.1,237683,238267,AWJ25_RS15965,recombinase family protein,-
40,NZ_CP013995.1,308111,308695,AWJ25_RS16355,recombinase family protein,-
41,NZ_CP013995.1,238478,238681,AWJ25_RS15970,hypothetical protein,-
41,NZ_CP013995.1,308906,309109,AWJ25_RS16360,hypothetical protein,-
42,NZ_CP013995.1,238691,239113,AWJ25_RS15975,hypothetical protein,-
42,NZ_CP013995.1,309119,309541,AWJ25_RS16365,hypothetical protein,-
43,NZ_CP013995.1,243501,243938,AWJ25_RS16015,hypothetical protein,-
43,NZ_CP013995.1,312701,313138,AWJ25_RS16400,hypothetical protein,-
44,NZ_CP013995.1,246366,246629,AWJ25_RS16035,hypothetical protein,-
44,NZ_CP013995.1,314051,314311,AWJ25_RS16415,hypothetical protein,-
45,NZ_CP013995.1,247048,247533,AWJ25_RS16045,single_stranded DNA_binding protein,-
45,NZ_CP013995.1,314677,315162,AWJ25_RS16420,single_stranded DNA_binding protein,-
46,NZ_CP013995.1,253018,255390,AWJ25_RS16075,hypothetical protein,-
46,NZ_CP013995.1,320648,323020,AWJ25_RS16450,hypothetical protein,-
47,NZ_CP013995.1,259494,259916,AWJ25_RS16100,hypothetical protein,-
47,NZ_CP013995.1,325351,325773,AWJ25_RS16470,hypothetical protein,-
48,NZ_CP013995.1,262168,262974,AWJ25_RS16120,hypothetical protein,-
48,NZ_CP013995.1,326888,327694,AWJ25_RS16485,hypothetical protein,-
49,NZ_CP013995.1,262985,263629,AWJ25_RS16125,hypothetical protein,-
49,NZ_CP013995.1,327705,328349,AWJ25_RS16490,hypothetical protein,-
50,NZ_CP013995.1,263645,264850,AWJ25_RS16130,peptidoglycan DD_metalloendopeptidase family protein,-
50,NZ_CP013995.1,328365,329570,AWJ25_RS16495,peptidoglycan DD_metalloendopeptidase family protein,-
51,NZ_CP013995.1,264850,265227,AWJ25_RS16135,ATPase,-
51,NZ_CP013995.1,329570,329947,AWJ25_RS16500,ATPase,-
52,NZ_CP013995.1,265357,267234,AWJ25_RS16140,group II intron reverse transcriptase/maturase,-
52,NZ_CP013995.1,330078,331955,AWJ25_RS16505,group II intron reverse transcriptase/maturase,-
53,NZ_CP013995.1,267921,269615,AWJ25_RS16145,ATPase,-
53,NZ_CP013995.1,332643,334337,AWJ25_RS16510,ATPase,-
54,NZ_CP013995.1,269778,270371,AWJ25_RS16150,hypothetical protein,-
54,NZ_CP013995.1,334500,335093,AWJ25_RS16515,hypothetical protein,-
55,NZ_CP013995.1,270372,270704,AWJ25_RS16155,hypothetical protein,-
55,NZ_CP013995.1,335094,335426,AWJ25_RS16520,hypothetical protein,-
56,NZ_CP013995.1,270756,273287,AWJ25_RS16160,hypothetical protein,-
56,NZ_CP013995.1,335478,338009,AWJ25_RS16525,hypothetical protein,-
57,NZ_CP013995.1,273284,275896,AWJ25_RS16165,TraM recognition domain_containing protein,-
57,NZ_CP013995.1,338006,340618,AWJ25_RS16530,TraM recognition domain_containing protein,-
58,NZ_CP013995.1,275896,277950,AWJ25_RS16170,hypothetical protein,-
58,NZ_CP013995.1,340618,342672,AWJ25_RS16535,hypothetical protein,-
59,NZ_CP013995.1,278019,278321,AWJ25_RS16175,hypothetical protein,-
59,NZ_CP013995.1,342744,343046,AWJ25_RS16540,hypothetical protein,-
60,NZ_CP013995.1,278339,278581,AWJ25_RS16180,hypothetical protein,-
60,NZ_CP013995.1,343064,343306,AWJ25_RS16545,hypothetical protein,-
61,NZ_CP013995.1,285552,287528,AWJ25_RS16220,isopeptide_forming domain_containing fimbrial protein,-
61,NZ_CP013995.1,350367,352343,AWJ25_RS16580,isopeptide_forming domain_containing fimbrial protein,-
62,NZ_CP013995.1,287581,288252,AWJ25_RS16225,class A sortase,-
62,NZ_CP013995.1,352396,353067,AWJ25_RS16585,class A sortase,-
63,NZ_CP013995.1,290628,290867,AWJ25_RS16245,hypothetical protein,-
63,NZ_CP013995.1,353403,353642,AWJ25_RS16595,hypothetical protein,-
64,NZ_CP013995.1,290981,291322,AWJ25_RS16250,DUF5406 domain_containing protein,-
64,NZ_CP013995.1,355539,355880,AWJ25_RS16605,DUF5406 domain_containing protein,-
65,NZ_CP013995.1,292229,292561,AWJ25_RS16260,hypothetical protein,-
65,NZ_CP013995.1,356499,356831,AWJ25_RS16610,hypothetical protein,-
66,NZ_CP013995.1,360948,362096,AWJ25_RS16620,IS200/IS605 family element transposase accessory protein TnpB,-
66,NZ_CP013995.1,366670,367818,AWJ25_RS16655,IS200/IS605 family element transposase accessory protein TnpB,+
67,NZ_CP013995.1,362113,362517,AWJ25_RS16625,IS200/IS605_like element ISEfa4 family transposase,-
67,NZ_CP013995.1,366249,366653,AWJ25_RS16650,IS200/IS605_like element ISEfa4 family transposase,+
68,NZ_CP013994.1,515425,515721,AWJ25_RS02535,hypothetical protein,+
68,NZ_CP013994.1,843200,843487,AWJ25_RS04240,hypothetical protein,+
69,NZ_CP013994.1,515798,516211,AWJ25_RS02540,autolysin,+
69,NZ_CP013994.1,843974,844387,AWJ25_RS04250,autolysin,+
70,NZ_CP013994.1,534363,535271,AWJ25_RS02650,phage baseplate upper protein,+
70,NZ_CP013994.1,1879425,1880333,AWJ25_RS09375,phage baseplate upper protein,-
71,NZ_CP013994.1,535895,536344,AWJ25_RS02660,hypothetical protein,+
71,NZ_CP013994.1,1878355,1878804,AWJ25_RS09365,hypothetical protein,-
72,NZ_CP013994.1,536344,536838,AWJ25_RS02665,hypothetical protein,+
72,NZ_CP013994.1,1877861,1878355,AWJ25_RS09360,hypothetical protein,-
73,NZ_CP013994.1,537818,538828,AWJ25_RS02685,N_acetylmuramoyl_L_alanine amidase,+
73,NZ_CP013994.1,1875710,1876729,AWJ25_RS09335,N_acetylmuramoyl_L_alanine amidase,-
73,NZ_CP013994.1,866135,867151,AWJ25_RS04395,N_acetylmuramoyl_L_alanine amidase,+
74,NZ_CP013994.1,538943,540151,AWJ25_RS02690,hypothetical protein,+
74,NZ_CP013994.1,867266,868474,AWJ25_RS04400,hypothetical protein,+
75,NZ_CP013994.1,542646,542948,AWJ25_RS02705,hypothetical protein,-
75,NZ_CP013994.1,869469,869768,AWJ25_RS04410,hypothetical protein,-
75,NZ_CP013994.1,1961367,1961669,AWJ25_RS09875,hypothetical protein,+
75,NZ_CP013994.1,943926,944228,AWJ25_RS04795,hypothetical protein,-
75,NZ_CP013994.1,1874634,1874933,AWJ25_RS09325,hypothetical protein,+
76,NZ_CP013994.1,586674,587993,AWJ25_RS02940,IS1380_like element IS1678 family transposase,-
76,NZ_CP013994.1,1198642,1199961,AWJ25_RS05990,IS1380_like element IS1678 family transposase,-
77,NZ_CP013994.1,590266,591225,AWJ25_RS02955,IS30 family transposase,+
77,NZ_CP013994.1,2858388,2859347,AWJ25_RS14150,IS30 family transposase,+
78,NZ_CP013994.1,729249,730589,AWJ25_RS03650,ISL3 family transposase,-
78,NZ_CP013994.1,2871937,2873277,AWJ25_RS14195,ISL3 family transposase,+
79,NZ_CP013994.1,762534,763493,AWJ25_RS03800,IS30_like element IS6770 family transposase,-
79,NZ_CP013994.1,1453854,1454813,AWJ25_RS07260,IS30_like element IS6770 family transposase,+
79,NZ_CP013994.1,2614098,2615057,AWJ25_RS13015,IS30_like element IS6770 family transposase,+
80,NZ_CP013994.1,841504,841665,AWJ25_RS04215,antitoxin,+
80,NZ_CP013994.1,1991594,1991755,AWJ25_RS10090,hypothetical protein,-
81,NZ_CP013994.1,841967,842281,AWJ25_RS04225,hypothetical protein,+
81,NZ_CP013994.1,1899331,1899633,AWJ25_RS09515,hypothetical protein,-
82,NZ_CP013994.1,865049,865495,AWJ25_RS04375,hypothetical protein,+
82,NZ_CP013994.1,1967637,1968083,AWJ25_RS09940,hypothetical protein,-
83,NZ_CP013994.1,869774,870004,AWJ25_RS04415,hypothetical protein,-
83,NZ_CP013994.1,1874398,1874628,AWJ25_RS09320,hypothetical protein,+
84,NZ_CP013994.1,871362,874589,AWJ25_RS04425,fibrinogen_binding MSCRAMM adhesin Fss3,+
84,NZ_CP013994.1,2831813,2835040,AWJ25_RS14035,fibrinogen_binding MSCRAMM adhesin Fss3,+
85,NZ_CP013994.1,874702,875016,AWJ25_RS04430,YdcP family protein,+
85,NZ_CP013994.1,2835153,2835467,AWJ25_RS14040,YdcP family protein,+
86,NZ_CP013994.1,875029,875403,AWJ25_RS04435,YdcP family protein,+
86,NZ_CP013994.1,2835480,2835854,AWJ25_RS14045,YdcP family protein,+
87,NZ_CP013994.1,875404,875748,AWJ25_RS04440,hypothetical protein,+
87,NZ_CP013994.1,2835855,2836199,AWJ25_RS14050,hypothetical protein,+
88,NZ_CP013994.1,875831,877183,AWJ25_RS04445,DUF87 domain_containing protein,+
88,NZ_CP013994.1,2836282,2837622,AWJ25_RS14055,DUF87 domain_containing protein,+
89,NZ_CP013994.1,878920,880104,AWJ25_RS04460,XRE family transcriptional regulator,+
89,NZ_CP013994.1,2840288,2841472,AWJ25_RS14080,XRE family transcriptional regulator,+
90,NZ_CP013994.1,880101,880238,AWJ25_RS04465,DUF3789 domain_containing protein,+
90,NZ_CP013994.1,2841469,2841606,AWJ25_RS14085,DUF3789 domain_containing protein,+
91,NZ_CP013994.1,880243,880464,AWJ25_RS04470,hypothetical protein,+
91,NZ_CP013994.1,2844366,2844590,AWJ25_RS17920,hypothetical protein,+
92,NZ_CP013994.1,880477,880977,AWJ25_RS04475,antirestriction protein ArdA,+
92,NZ_CP013994.1,2844603,2845106,AWJ25_RS14095,antirestriction protein ArdA,+
93,NZ_CP013994.1,883870,884259,AWJ25_RS04490,conjugal transfer protein,+
93,NZ_CP013994.1,2845166,2845555,AWJ25_RS14100,conjugal transfer protein,+
94,NZ_CP013994.1,892978,893985,AWJ25_RS04520,lipoprotein,+
94,NZ_CP013994.1,2850114,2851118,AWJ25_RS14115,peptidase P60,+
95,NZ_CP013994.1,965703,965915,AWJ25_RS04900,hypothetical protein,+
95,NZ_CP013994.1,2528252,2528464,AWJ25_RS12615,hypothetical protein,-
96,NZ_CP013994.1,966193,967992,AWJ25_RS04905,glycerophosphoryl diester phosphodiesterase,-
96,NZ_CP013994.1,2526176,2527974,AWJ25_RS12610,glycerophosphodiester phosphodiesterase,+
97,NZ_CP013994.1,968116,968712,AWJ25_RS04910,TVP38/TMEM64 family protein,-
97,NZ_CP013994.1,2525456,2526052,AWJ25_RS12605,TVP38/TMEM64 family protein,+
98,NZ_CP013994.1,970127,970471,AWJ25_RS04920,carboxymuconolactone decarboxylase family protein,+
98,NZ_CP013994.1,2523695,2524039,AWJ25_RS12595,carboxymuconolactone decarboxylase family protein,-
99,NZ_CP013994.1,970472,970891,AWJ25_RS04925,cupin domain_containing protein,+
99,NZ_CP013994.1,2523275,2523694,AWJ25_RS12590,cupin domain_containing protein,-
100,NZ_CP013994.1,970983,971333,AWJ25_RS04930,hypothetical protein,-
100,NZ_CP013994.1,2522833,2523183,AWJ25_RS12585,hypothetical protein,+
101,NZ_CP013994.1,971299,972630,AWJ25_RS04935,DUF1576 domain_containing protein,-
101,NZ_CP013994.1,2521536,2522867,AWJ25_RS12580,DUF1576 domain_containing protein,+
102,NZ_CP013994.1,972886,973452,AWJ25_RS04940,TetR/AcrR family transcriptional regulator,+
102,NZ_CP013994.1,2520714,2521280,AWJ25_RS12575,TetR/AcrR family transcriptional regulator,-
103,NZ_CP013994.1,1263099,1263341,AWJ25_RS06350,GlsB/YeaQ/YmgE family stress response membrane protein,+
103,NZ_CP013994.1,1269469,1269711,AWJ25_RS06395,GlsB/YeaQ/YmgE family stress response membrane protein,+
104,NZ_CP013994.1,1491071,1491709,AWJ25_RS07455,LysM peptidoglycan_binding domain_containing protein,+
104,NZ_CP013994.1,1588013,1588636,AWJ25_RS07915,LysM peptidoglycan_binding domain_containing protein,+
105,NZ_CP013994.1,1876726,1876950,AWJ25_RS09340,holin,-
105,NZ_CP013994.1,1966946,1967170,AWJ25_RS09925,holin,-
106,NZ_CP013994.1,1876947,1877240,AWJ25_RS09345,hypothetical protein,-
106,NZ_CP013994.1,1967167,1967460,AWJ25_RS09930,hypothetical protein,-
107,NZ_CP013994.1,1899633,1899932,AWJ25_RS09520,hypothetical protein,-
107,NZ_CP013994.1,1991292,1991597,AWJ25_RS10085,hypothetical protein,-
108,NZ_CP013994.1,1901128,1901814,AWJ25_RS09535,hypothetical protein,-
108,NZ_CP013994.1,1993827,1994513,AWJ25_RS10110,hypothetical protein,-
109,NZ_CP013994.1,1914647,1914967,AWJ25_RS09645,PTS lactose/cellobiose transporter subunit IIA,-
109,NZ_CP013994.1,2463720,2464037,AWJ25_RS12300,PTS lactose/cellobiose transporter subunit IIA,-
110,NZ_CP013994.1,1914997,1915314,AWJ25_RS09650,PTS sugar transporter subunit IIB,-
110,NZ_CP013994.1,2464063,2464383,AWJ25_RS12305,PTS sugar transporter subunit IIB,-
111,NZ_CP013994.1,2518919,2519469,AWJ25_RS12560,IS256_like element ISEf1 family transposase,-
111,NZ_CP013994.1,2553562,2554088,AWJ25_RS12755,IS256 family transposase,+